{
  "semantic_similarity": 0.9635509533832257,
  "bm25_keyword": 0.030519661914094477,
  "title_match": 1.8518492561636584e-05,
  "tag_overlap": 0.005910725895322565,
  "recency": 1.4031479559844423e-07
}